<?xml version="1.0"?>
<Files xmlns:xsd="http://www.w3.org/2001/XMLSchema" xmlns:xsi="http://www.w3.org/2001/XMLSchema-instance">
  <File Name="htdocs\favicon.png" Hash="8F-E9-E1-2C-A9-87-2A-AD-5B-E7-EA-64-A5-16-E1-20" />
  <File Name="htdocs\index.html" Hash="B2-F5-9E-D1-D8-41-2F-87-99-44-82-4F-D7-2F-68-FE" />
  <File Name="htdocs\main.js" Hash="CF-6D-49-37-97-C4-35-52-E2-1F-96-AB-94-DA-0D-77" />
  <File Name="htdocs\notofiService.js" Hash="EA-5B-28-0A-F7-9D-6A-58-05-64-29-68-42-9C-09-2C" />
  <File Name="htdocs\winService.js" Hash="B4-DE-4F-02-E7-38-DB-E0-6A-BD-65-70-C6-D0-31-63" />
  <File Name="htdocs\actions\Action.js" Hash="43-33-DD-1F-6D-15-B5-C8-98-23-EE-29-77-EF-59-1E" />
  <File Name="htdocs\actions\ActionFactory.js" Hash="4F-0F-BD-8A-17-7C-EC-79-C3-0F-3A-48-D9-48-32-E1" />
  <File Name="htdocs\actions\Alert.js" Hash="C9-00-91-E4-FD-20-D4-F8-4A-15-B6-7F-4B-95-07-77" />
  <File Name="htdocs\actions\Backward.js" Hash="01-E9-4A-5D-D5-E3-2C-A9-B9-DE-EB-B0-B2-8D-52-A9" />
  <File Name="htdocs\actions\CallEvent.js" Hash="43-52-B6-11-74-2F-55-57-8A-47-20-70-99-DB-DA-2D" />
  <File Name="htdocs\actions\CallMethod.js" Hash="C0-12-D4-F7-54-E3-4D-56-38-BC-32-77-65-91-DF-9A" />
  <File Name="htdocs\actions\CallPOU.js" Hash="F3-42-E5-C9-62-EC-3A-1D-D1-47-95-5D-F4-81-ED-66" />
  <File Name="htdocs\actions\CloseMainWindow.js" Hash="2D-58-9B-68-4E-86-A4-5B-04-34-DA-77-81-FA-67-BA" />
  <File Name="htdocs\actions\CloseWindow.js" Hash="AF-C3-F9-75-C5-52-F0-9B-1D-09-E3-4A-C3-10-C4-4D" />
  <File Name="htdocs\actions\EnterFullscreen.js" Hash="94-15-58-A2-DC-53-F3-1F-28-26-B2-CB-4E-C0-4B-95" />
  <File Name="htdocs\actions\ExitFullscreen.js" Hash="81-C5-5E-14-96-37-C4-4F-BB-C5-63-9D-47-C9-DE-D7" />
  <File Name="htdocs\actions\Forward.js" Hash="82-E1-02-49-A1-1E-69-AC-86-80-5D-36-71-88-2D-AF" />
  <File Name="htdocs\actions\Impulse.js" Hash="59-B5-FF-63-81-15-23-B5-41-AF-45-6E-DB-3D-DD-52" />
  <File Name="htdocs\actions\Logout.js" Hash="1B-51-B4-58-62-0B-77-17-FC-95-26-74-36-D4-8E-B0" />
  <File Name="htdocs\actions\OpenDialog.js" Hash="38-9A-CE-6C-A1-37-C4-04-C5-4C-45-3E-6C-9F-C9-07" />
  <File Name="htdocs\actions\OpenMarkerWindow.js" Hash="BA-C8-55-F2-95-B4-6E-07-60-17-77-1D-F4-B7-70-8F" />
  <File Name="htdocs\actions\OpenPrintDialog.js" Hash="9F-7B-3F-D2-63-38-40-27-A1-C9-00-C6-4E-45-D0-78" />
  <File Name="htdocs\actions\OpenUrl.js" Hash="5B-2C-71-DB-72-DC-B0-BC-15-39-47-E1-F0-BC-92-E4" />
  <File Name="htdocs\actions\OpenWindow.js" Hash="48-35-E9-E2-22-12-C3-F0-BF-20-C2-95-AE-F7-C5-A5" />
  <File Name="htdocs\actions\SetParameterValue.js" Hash="13-40-E3-EB-D8-BE-B0-C3-A0-18-9E-B7-39-D6-9C-84" />
  <File Name="htdocs\actions\ShowTaskBar.js" Hash="55-9C-98-0B-9F-EA-5C-01-42-35-3F-41-95-3F-63-C1" />
  <File Name="htdocs\actions\SwitchUser.js" Hash="82-2F-B7-16-6E-B5-FF-3B-FC-93-2C-02-A3-D1-EE-E9" />
  <File Name="htdocs\controls\basic.js" Hash="C5-05-1B-A0-2E-2E-B6-FD-6E-A5-41-71-03-B8-E2-A8" />
  <File Name="htdocs\controls\basicsvg.js" Hash="00-25-0F-DC-FD-EC-04-37-D6-1B-D8-94-01-90-EF-9D" />
  <File Name="htdocs\controls\enums.js" Hash="74-A2-6D-54-4E-C8-97-E8-BD-1E-AD-BD-EF-5E-5B-1B" />
  <File Name="htdocs\controls\chart\chart.js" Hash="60-8E-24-31-4D-95-CE-CE-B1-78-6C-04-9B-39-2E-8C" />
  <File Name="htdocs\controls\checkbox\checkbox.js" Hash="52-57-C2-4A-2B-73-AF-EA-BB-91-EB-01-FB-F4-17-F9" />
  <File Name="htdocs\controls\clock\clock.js" Hash="1C-2D-41-78-D9-26-1B-C7-12-F6-3C-6E-8F-C1-FB-2F" />
  <File Name="htdocs\controls\colorpicker\colorpicker.js" Hash="0F-30-87-5D-C7-6E-FE-4F-06-4F-CE-72-A7-2E-5A-88" />
  <File Name="htdocs\controls\colorpicker\pickr_min.js" Hash="E1-60-F2-EA-5E-D8-06-56-9D-D4-01-7A-FE-B6-D2-C1" />
  <File Name="htdocs\controls\combobox\combobox.js" Hash="C8-BC-FA-DD-AD-4A-09-29-A4-B7-79-88-5F-8E-F9-1A" />
  <File Name="htdocs\controls\datatable\datatable.js" Hash="2D-A5-2B-C4-65-B7-A9-5C-FD-DF-DB-79-AB-4A-84-36" />
  <File Name="htdocs\controls\dictionary\dictionary.js" Hash="FC-DD-65-B5-FF-F3-4C-14-F7-35-E3-68-34-28-96-8A" />
  <File Name="htdocs\controls\dtpicker\dtpicker.js" Hash="EB-C8-FA-9D-40-A5-16-D6-82-A2-28-D1-0D-D6-76-DB" />
  <File Name="htdocs\controls\frame\frame.js" Hash="67-CB-1A-7D-B6-70-30-62-41-CD-C9-7E-74-AF-65-96" />
  <File Name="htdocs\controls\gauge\gauge.js" Hash="4E-05-6A-78-0C-2D-EA-51-A5-DF-B2-2E-F2-82-89-B2" />
  <File Name="htdocs\controls\interval\interval.js" Hash="97-62-C6-CB-95-56-C2-33-AD-42-94-00-2D-FC-64-8F" />
  <File Name="htdocs\controls\journal\journal.js" Hash="47-71-26-7E-92-D5-84-D9-D5-EA-55-45-F1-B1-67-63" />
  <File Name="htdocs\controls\journal\style.css" Hash="98-AC-4D-B7-77-D5-02-74-97-40-FB-59-86-57-7E-65" />
  <File Name="htdocs\controls\legend\legend.js" Hash="14-F6-FC-E1-5D-B0-A2-3F-70-9C-62-EF-62-8C-BD-3D" />
  <File Name="htdocs\controls\line\line.js" Hash="97-2E-99-F3-82-C4-29-CD-5D-2A-63-C7-78-33-36-9D" />
  <File Name="htdocs\controls\map\map.js" Hash="E2-A9-4F-4E-35-8A-FD-8A-D2-6E-B3-0A-99-3E-C5-BB" />
  <File Name="htdocs\controls\mark\mark.js" Hash="56-71-B5-41-BB-E9-CE-ED-C2-A7-34-FA-CC-AE-1E-4F" />
  <File Name="htdocs\controls\messageindicator\messageindicator.js" Hash="D6-78-A6-BA-3F-56-35-E6-DC-95-97-6C-F7-D3-3B-A0" />
  <File Name="htdocs\controls\numericupdown\numericupdown.js" Hash="E9-1F-F0-80-74-C3-CE-4C-AB-AD-BB-93-BF-CB-AA-EC" />
  <File Name="htdocs\controls\oval\oval.js" Hash="41-7A-A0-F5-FB-6E-95-42-D1-79-03-B9-01-22-61-79" />
  <File Name="htdocs\controls\panelcanvas\panelcanvas.js" Hash="C7-C8-69-1E-EA-86-7E-41-0B-A2-4D-13-66-1E-E9-E2" />
  <File Name="htdocs\controls\panelstack\panelstack.js" Hash="61-F6-B4-41-A0-E8-5C-B7-84-B6-C7-EA-38-EA-C3-C5" />
  <File Name="htdocs\controls\paneltabcontrol\paneltabcontrol.js" Hash="57-51-6D-94-DD-EF-C6-4B-8A-A6-AC-2C-97-C1-36-A8" />
  <File Name="htdocs\controls\passinput\passinput.js" Hash="0B-A4-37-BF-B3-0B-40-74-54-89-20-69-98-CD-7E-6A" />
  <File Name="htdocs\controls\polygon\polygon.js" Hash="8A-54-49-9D-82-C2-AC-25-FD-86-86-2B-E4-F2-25-8F" />
  <File Name="htdocs\controls\popup_window\popup_window.js" Hash="B6-6D-E7-7C-27-F7-F1-3A-02-48-22-39-46-D8-E0-69" />
  <File Name="htdocs\controls\progressbar\progressbar.js" Hash="97-D1-8C-15-E0-DB-D7-2A-47-C5-60-97-F4-A9-BE-F1" />
  <File Name="htdocs\controls\radiobutton\radiobutton.js" Hash="B4-F5-FE-AB-7D-CF-9B-DB-C6-F4-FA-12-FD-67-C6-3A" />
  <File Name="htdocs\controls\range\range.js" Hash="3B-D6-52-75-C8-43-83-19-9F-0A-C5-03-7A-A3-B9-B7" />
  <File Name="htdocs\controls\rect\rect.js" Hash="CD-CF-94-79-6A-52-99-D6-2F-58-AC-22-47-81-3C-37" />
  <File Name="htdocs\controls\slider\slider.js" Hash="E7-33-D1-5A-5E-09-0B-B4-8E-AB-6D-14-9A-7B-36-FA" />
  <File Name="htdocs\controls\svg\svg.html" Hash="38-91-8F-61-B8-AF-50-3A-C0-73-CA-2D-F0-91-2F-AD" />
  <File Name="htdocs\controls\svg\svg.js" Hash="0C-AD-2F-27-35-70-21-BC-2B-11-06-22-12-6A-06-84" />
  <File Name="htdocs\controls\tap\tap.js" Hash="9C-DC-F9-21-C6-4F-C7-BA-6E-7F-3E-89-09-ED-94-15" />
  <File Name="htdocs\controls\text\text.js" Hash="07-DF-8B-14-10-23-47-85-45-76-96-02-C4-05-EC-D2" />
  <File Name="htdocs\controls\textinput\textinput.js" Hash="81-56-F9-09-4A-0B-8D-A3-3B-A1-9B-F4-E7-5D-04-64" />
  <File Name="htdocs\controls\togglebutton\togglebutton.js" Hash="86-3E-96-8F-54-7A-20-93-3F-BF-A2-36-3D-63-82-7F" />
  <File Name="htdocs\controls\tree\tree.css" Hash="C9-6F-B8-8B-E6-93-C9-DE-D6-1B-FE-10-F5-A6-41-30" />
  <File Name="htdocs\controls\tree\tree.js" Hash="F8-B8-73-3C-9B-A8-13-41-EE-20-95-34-16-54-0D-9B" />
  <File Name="htdocs\controls\trend\datazoom.js" Hash="11-DC-7B-57-FF-AB-3E-4E-FE-FE-54-24-89-35-0A-90" />
  <File Name="htdocs\controls\trend\minilegend.js" Hash="F0-30-7C-89-2E-D2-16-26-6C-30-82-D2-DA-A8-03-EB" />
  <File Name="htdocs\controls\trend\objecttree.js" Hash="B2-3D-14-DF-CC-EA-0B-DA-1E-51-39-61-BA-97-EF-A0" />
  <File Name="htdocs\controls\trend\pen.js" Hash="8D-1E-61-1F-9D-94-DF-BB-E4-C6-FE-EE-CC-0D-B1-56" />
  <File Name="htdocs\controls\trend\sampler.js" Hash="34-13-B5-56-0B-03-03-FD-9F-04-EE-BD-6C-32-3D-A8" />
  <File Name="htdocs\controls\trend\toolbar.js" Hash="A8-5A-91-BA-F9-22-2F-2F-C8-FF-B3-C4-93-85-09-59" />
  <File Name="htdocs\controls\trend\trend.css" Hash="AF-86-EE-E5-ED-5B-B4-70-2B-E3-62-00-82-0E-B1-EF" />
  <File Name="htdocs\controls\trend\trend.js" Hash="23-A3-A1-77-05-E1-54-FF-A5-B4-CC-CA-7B-36-17-B2" />
  <File Name="htdocs\controls\trend\trendbase.js" Hash="C3-04-66-D3-C5-A1-90-28-B9-35-A2-1C-FE-77-25-9B" />
  <File Name="htdocs\controls\trend\trendiscrete.js" Hash="78-FA-61-A4-BC-90-AA-A3-8B-67-AB-AB-8E-91-23-31" />
  <File Name="htdocs\controls\video\video.js" Hash="6D-5C-DD-F7-F1-E1-6E-2D-56-3D-4C-E2-1C-1B-D9-5E" />
  <File Name="htdocs\controls\window\window.js" Hash="FB-E5-B0-3E-FF-FC-CE-2C-E4-F0-24-72-3A-C5-FC-A3" />
  <File Name="htdocs\generated\actions.js" Hash="19-68-DD-E7-8C-2F-43-FD-4F-FF-BF-DB-04-EB-78-6C" />
  <File Name="htdocs\generated\datatypes.js" Hash="7C-A2-22-10-AE-BC-5B-35-CD-62-A1-C1-B8-BC-71-A8" />
  <File Name="htdocs\generated\globalparams.js" Hash="F8-7E-1D-8D-50-8A-0F-72-AC-B6-38-25-6D-B8-CA-1C" />
  <File Name="htdocs\generated\links.js" Hash="3C-32-18-00-37-0A-4A-DE-0D-3E-09-96-86-F5-94-9B" />
  <File Name="htdocs\generated\permissions.js" Hash="E5-0E-08-C2-B6-AC-EB-37-89-8C-8D-F7-C6-E0-C1-6A" />
  <File Name="htdocs\generated\resourcesList.js" Hash="C2-64-7B-DD-55-CB-17-FE-C0-8F-18-5D-67-A2-E2-D5" />
  <File Name="htdocs\generated\svgtemplates.js" Hash="EB-80-94-47-05-D2-A4-55-96-AC-48-CF-49-5B-7B-FD" />
  <File Name="htdocs\generated\windefs.js" Hash="9F-42-43-F6-45-E9-F3-18-A8-60-0E-69-F3-4F-DA-16" />
  <File Name="htdocs\lib\dateformat.js" Hash="B5-33-DF-B6-49-A2-50-41-FB-2C-33-B3-FB-A2-C5-7A" />
  <File Name="htdocs\lib\drag.js" Hash="AA-93-06-95-B9-D1-25-B3-CB-34-1D-19-76-9E-63-55" />
  <File Name="htdocs\lib\echarts.js" Hash="29-4C-A4-CD-86-3D-E6-83-C2-44-C3-54-CA-2B-FB-85" />
  <File Name="htdocs\lib\formating.js" Hash="31-03-B3-A2-24-CF-4A-26-83-3D-47-18-D1-E0-5D-F8" />
  <File Name="htdocs\lib\inputs.js" Hash="66-41-9D-0E-38-71-E4-19-B2-7E-65-E4-8F-4F-7C-38" />
  <File Name="htdocs\lib\leaflet-src-esm.js" Hash="FB-2E-D4-08-A2-42-36-2B-98-A5-61-AB-06-EC-65-B8" />
  <File Name="htdocs\lib\md5.js" Hash="C7-25-49-B7-AA-9D-69-82-A7-06-C9-9F-6B-3D-EC-D1" />
  <File Name="htdocs\lib\smask.js" Hash="20-F1-2B-11-EE-88-7F-70-9E-25-53-60-2C-02-77-6F" />
  <File Name="htdocs\lib\tabulator.js" Hash="35-D3-B3-7D-A8-44-A7-CE-E2-17-82-8D-92-24-9E-23" />
  <File Name="htdocs\lib\utils.js" Hash="D1-DE-4A-35-65-12-9D-5D-A8-8D-55-80-E1-24-72-79" />
  <File Name="htdocs\MasterSCADA\View\Generators\Html5\Properties\Resources.resources" Hash="21-3B-3E-0E-E0-D4-38-5C-08-A3-90-B6-A6-34-88-2D" />
  <File Name="htdocs\observer\converter.js" Hash="18-B4-C5-2D-A8-75-87-E2-FF-20-22-62-25-C3-DA-0B" />
  <File Name="htdocs\observer\ErrorProcessor.js" Hash="82-C1-5E-3D-F3-A5-53-14-D8-44-0A-1C-B9-3A-98-27" />
  <File Name="htdocs\observer\HttpAdapter.js" Hash="71-4E-E6-09-E8-DD-0A-51-E5-D5-63-46-C7-74-A3-95" />
  <File Name="htdocs\observer\ItemSubscription.js" Hash="E1-BF-41-8C-D8-6B-37-58-81-D7-43-D0-59-8E-CB-EA" />
  <File Name="htdocs\observer\journalWorker.js" Hash="46-85-02-32-5A-33-62-B4-31-CC-0A-38-27-2D-5A-FA" />
  <File Name="htdocs\observer\methods.js" Hash="40-AE-52-E9-E4-29-46-2C-5D-F6-3E-CB-AC-83-92-B0" />
  <File Name="htdocs\observer\PathResolver.js" Hash="CB-1F-91-2B-BF-A9-27-DB-95-5B-02-F5-3E-86-DB-56" />
  <File Name="htdocs\observer\PermissionsManager.js" Hash="8D-87-BD-BD-9C-39-2D-0C-BF-94-04-18-37-D1-F2-52" />
  <File Name="htdocs\observer\ServerAdapterBase.js" Hash="43-14-5D-10-6F-B6-55-51-4C-02-C0-9D-D1-5F-96-B7" />
  <File Name="htdocs\observer\ServerAdapterFactory.js" Hash="92-7F-36-A2-D4-83-11-33-DB-E3-11-8B-3E-66-B6-6E" />
  <File Name="htdocs\observer\ServiceWorker.js" Hash="87-F6-F5-2F-05-8F-DD-AA-CC-E7-4F-80-D9-9F-C3-8C" />
  <File Name="htdocs\observer\StandartFunction.js" Hash="53-0B-54-2E-D0-65-D8-5D-1E-AA-A7-86-AF-CA-E6-66" />
  <File Name="htdocs\observer\StateStorageAdapter.js" Hash="0E-AC-C4-0C-DB-87-76-6B-53-98-2F-6C-45-4B-72-D9" />
  <File Name="htdocs\observer\trendWorker.js" Hash="7E-A1-12-D7-DD-DA-4C-C8-B0-71-50-CD-0D-49-FB-C7" />
  <File Name="htdocs\observer\WorkerAdapter.js" Hash="70-63-D8-0A-A0-EC-5C-03-30-E7-03-79-1D-43-1C-DF" />
  <File Name="htdocs\observer\WorkerInstance.js" Hash="D8-00-0A-CB-81-AA-3C-D7-C0-BA-D4-85-23-3E-BA-22" />
  <File Name="htdocs\resources\24984\24979-59e73fa8abafd6d4f012591d3d5bd965.SVG" Hash="59-E7-3F-A8-AB-AF-D6-D4-F0-12-59-1D-3D-5B-D9-65" />
  <File Name="htdocs\resources\25080\25075-1dde5eb3c4fd989edb92b089a60c6317.SVG" Hash="1D-DE-5E-B3-C4-FD-98-9E-DB-92-B0-89-A6-0C-63-17" />
  <File Name="htdocs\resources\25080\25075-4fce1485debd44b83eb5a8f6833ba45a.SVG" Hash="4F-CE-14-85-DE-BD-44-B8-3E-B5-A8-F6-83-3B-A4-5A" />
  <File Name="htdocs\resources\25131\25126-2fb41a3857fb2cdd16e4800369072080.SVG" Hash="2F-B4-1A-38-57-FB-2C-DD-16-E4-80-03-69-07-20-80" />
  <File Name="htdocs\resources\25173\25168-6a59fbbeb5ff6967c068e33855fa9b64.SVG" Hash="6A-59-FB-BE-B5-FF-69-67-C0-68-E3-38-55-FA-9B-64" />
  <File Name="htdocs\resources\25224\25219-5164402f2e126cd94a1a47935443670e.SVG" Hash="51-64-40-2F-2E-12-6C-D9-4A-1A-47-93-54-43-67-0E" />
  <File Name="htdocs\resources\25266\25261-3da1d30ed733c3cc1685337f8c9d7847.SVG" Hash="3D-A1-D3-0E-D7-33-C3-CC-16-85-33-7F-8C-9D-78-47" />
  <File Name="htdocs\resources\25451\25446-7aa1a8f3dfe6d90c0f992e90a8d01794.SVG" Hash="7A-A1-A8-F3-DF-E6-D9-0C-0F-99-2E-90-A8-D0-17-94" />
  <File Name="htdocs\resources\25506\25501-6a469e93aa1ba61006ad2203a4e50a3d.SVG" Hash="6A-46-9E-93-AA-1B-A6-10-06-AD-22-03-A4-E5-0A-3D" />
  <File Name="htdocs\resources\25563\25558-b942747d1c9c98e19196f71601e824a6.SVG" Hash="B9-42-74-7D-1C-9C-98-E1-91-96-F7-16-01-E8-24-A6" />
  <File Name="htdocs\resources\25700\25600-5806acfb0b96508a51827f74918bb07f.SVG" Hash="58-06-AC-FB-0B-96-50-8A-51-82-7F-74-91-8B-B0-7F" />
  <File Name="htdocs\resources\25748\25743-5438d693fadd3aa67c50b7eac1647fcf.SVG" Hash="54-38-D6-93-FA-DD-3A-A6-7C-50-B7-EA-C1-64-7F-CF" />
  <File Name="htdocs\resources\26331\26326-9805f79f4b8da158024ba3247243be82.SVG" Hash="98-05-F7-9F-4B-8D-A1-58-02-4B-A3-24-72-43-BE-82" />
  <File Name="htdocs\screentask\common.js" Hash="9A-07-0A-E7-F4-99-04-55-E7-28-F5-5E-4F-30-D8-DB" />
  <File Name="htdocs\screentask\SoundService.js" Hash="04-3D-61-3A-1B-D4-17-00-27-5F-36-EC-89-E3-A2-F6" />
  <File Name="htdocs\screentask\standardFB.js" Hash="E0-DA-2C-71-E4-A4-A5-A6-3A-30-34-1F-43-62-89-97" />
  <File Name="htdocs\screentask\standardFunctions.js" Hash="B5-3C-4A-7F-5F-78-F9-34-82-B1-40-74-07-81-68-2C" />
  <File Name="htdocs\screentask\TaskList.js" Hash="5B-DF-FB-C9-14-14-6D-96-4A-77-3B-94-0E-A9-60-9F" />
  <File Name="htdocs\screentask\TaskManager.js" Hash="3E-50-CC-FD-17-42-09-63-E8-FB-42-14-81-B8-42-55" />
  <File Name="htdocs\screentask\TaskWrapper.js" Hash="D2-41-CA-D1-B2-7B-B5-0D-A2-A9-C1-7B-EB-9A-7A-D9" />
  <File Name="htdocs\styles\close.svg" Hash="E1-85-6E-8D-75-74-A9-56-7D-29-31-B6-40-CC-9B-E1" />
  <File Name="htdocs\styles\data_ico.svg" Hash="65-2C-AE-86-6E-82-FC-CD-04-CD-C9-AF-0E-78-1F-03" />
  <File Name="htdocs\styles\info.svg" Hash="FA-F2-8B-39-CA-6D-36-7F-61-C1-44-C3-09-73-38-F7" />
  <File Name="htdocs\styles\main.css" Hash="88-4D-39-3B-EA-3E-06-F1-B9-F3-68-A9-3E-E8-AC-51" />
  <File Name="htdocs\styles\preloader.svg" Hash="33-9D-E8-B0-05-54-18-DE-19-1F-8A-81-B4-BC-FA-C8" />
  <File Name="htdocs\styles\fonts\hj.svg" Hash="B9-0C-20-55-FD-7F-C6-34-A5-53-02-21-CF-FA-A6-46" />
  <File Name="htdocs\styles\fonts\hj.ttf" Hash="53-65-F2-58-0C-D7-32-D8-A9-49-97-15-CE-9D-FD-EF" />
  <File Name="htdocs\styles\fonts\hj.woff" Hash="60-51-11-44-4B-C3-62-5F-78-00-98-9E-37-B6-E1-D5" />
  <File Name="htdocs\styles\map\leaflet.css" Hash="CB-16-D5-AB-D2-76-BD-57-53-CE-B1-2B-87-60-5F-45" />
  <File Name="htdocs\styles\map\images\layers-2x.png" Hash="4F-02-83-C6-CE-28-E8-88-00-0E-97-8E-53-7A-6A-56" />
  <File Name="htdocs\styles\map\images\layers.png" Hash="A6-13-74-56-ED-16-0D-76-06-98-1A-A5-7C-55-98-98" />
  <File Name="htdocs\styles\map\images\marker-icon-2x.png" Hash="40-1D-81-5D-C2-06-B8-DC-1B-17-CD-0E-37-69-59-75" />
  <File Name="htdocs\styles\map\images\marker-icon.png" Hash="22-73-E3-D8-AD-92-64-B7-DA-A5-BD-BF-8E-6B-47-F8" />
  <File Name="htdocs\styles\map\images\marker-shadow.png" Hash="44-A5-26-EE-D2-58-22-25-15-AA-21-EA-FF-D1-4A-96" />
  <File Name="cfg\VMInfo.json" Hash="CF-F3-D0-D0-90-F1-06-1B-65-61-D6-9F-F7-09-18-68" />
  <File Name="htdocs\VMInfo.json" Hash="CF-F3-D0-D0-90-F1-06-1B-65-61-D6-9F-F7-09-18-68" />
  <File Name="htdocs\VMJournals.json" Hash="6D-19-B4-23-40-EC-2C-70-1C-33-19-7B-88-94-83-DA" />
</Files>