{"ProjectName":"Ventilation","NodeName":"АРМ 1","VersionEditsInfo":{"Номер версии":"2686","Дата последнего изменения":"15.08.2021 12:25:03.488"},"OptionsParametersInfo":{"MSRT-DB":"False","MSRT-Reports":"False","MSRT-Red":"False","MSRT-Local":"False","Драйвер IEC61850":"","Драйвер Fastwel FBUS":"","Драйвер IEC 60870-5-104":"","Драйвер MQTT":"","Драйвер SNMP":"","Кол-во экземпляров":"","Начальный номер экземпляра":"","Номер лицензии":"","Драйвер Mercury230":"","Драйвер SET4":"","Драйвер Energomera":"","Драйвер ВКТ-7, ВКТ-9":"","Драйвер Pulsar":"","Драйвер МКТС":"","Драйвер SiemensPLC":"","Драйвер Omron":"","Драйвер Mitsubishi":"","Драйвер BACnet":"","MasterSCADA Vent":"","Драйвер DLMS":"","Драйвер ТЭМ":"","Кол-во точек":"","Кол-во сессий":""}}
