{"projectTree":[{"Name":"Объекты","TranslitedName":"ObjectRoot","ID":4,"Type":"Folder","Childs":[{"Name":"Объект 1","TranslitedName":"Objekt_1","ID":21267,"Type":"Object","Childs":[{"Name":"В помещении 1","TranslitedName":"V_pomeschenii_1","ID":41238,"Type":"Object","Childs":[{"STType":"LREAL","Access":3,"Name":"Выход","TranslitedName":"Vihod","ID":42447,"Type":"Variable","Childs":[]},{"Name":"Ресурсы","TranslitedName":"Resources","ID":41239,"Type":"Folder","Childs":[{"Name":"Программы","TranslitedName":"Programs","ID":42396,"Type":"Folder","Childs":[{"Name":"Рандомизатор","TranslitedName":"Randomizator","ID":42397,"Type":"Folder","Childs":[{"Name":"Параметры","TranslitedName":"Parameters","ID":42408,"Type":"Folder","Childs":[{"STType":"LREAL","Access":3,"Name":"AM_1","TranslitedName":"AM_1","ID":42410,"Type":"Variable","Childs":[]},{"STType":"LREAL","Access":3,"Name":"OS_1","TranslitedName":"OS_1","ID":42411,"Type":"Variable","Childs":[]},{"STType":"TIME","Access":3,"Name":"PT_1","TranslitedName":"PT_1","ID":42412,"Type":"Variable","Childs":[]},{"STType":"BOOL","Access":1,"Name":"EnO","TranslitedName":"EnO","ID":42409,"Type":"Variable","Childs":[]},{"STType":"LREAL","Access":1,"Name":"Q_1","TranslitedName":"Q_1","ID":42413,"Type":"Variable","Childs":[]}]},{"Name":"GEN_RDM_1","TranslitedName":"GEN_RDM_1","ID":42399,"Type":"Folder","Childs":[{"Name":"Параметры","TranslitedName":"Parameters","ID":42401,"Type":"Folder","Childs":[{"STType":"BOOL","Access":1,"Name":"EnO","TranslitedName":"EnO","ID":42402,"Type":"Variable","Childs":[]},{"STType":"TIME","Access":3,"Name":"PT","TranslitedName":"PT","ID":42403,"Type":"Variable","Childs":[]},{"STType":"REAL","Access":3,"Name":"AM","TranslitedName":"AM","ID":42404,"Type":"Variable","Childs":[]},{"STType":"REAL","Access":3,"Name":"OS","TranslitedName":"OS","ID":42405,"Type":"Variable","Childs":[]},{"STType":"BOOL","Access":1,"Name":"Q","TranslitedName":"Q","ID":42406,"Type":"Variable","Childs":[]},{"STType":"REAL","Access":1,"Name":"Out","TranslitedName":"Out","ID":42407,"Type":"Variable","Childs":[]}]}]},{"Name":"Алгоритм","TranslitedName":"Scheme","ID":42414,"Type":"Folder","Childs":[{"Name":"GEN_RDM","TranslitedName":"GEN_RDM","ID":42415,"Type":"Folder","Childs":[{"Name":"Параметры","TranslitedName":"Parameters","ID":42417,"Type":"Folder","Childs":[{"STType":"BOOL","Access":3,"Name":"En","TranslitedName":"En","ID":42418,"Type":"Variable","Childs":[]},{"STType":"TIME","Access":3,"Name":"PT","TranslitedName":"PT","ID":42420,"Type":"Variable","Childs":[]},{"STType":"LREAL","Access":3,"Name":"AM","TranslitedName":"AM","ID":42421,"Type":"Variable","Childs":[]},{"STType":"LREAL","Access":3,"Name":"OS","TranslitedName":"OS","ID":42422,"Type":"Variable","Childs":[]}]}]},{"Name":"MUL","TranslitedName":"MUL","ID":42425,"Type":"Folder","Childs":[{"Name":"Параметры","TranslitedName":"Parameters","ID":42426,"Type":"Folder","Childs":[{"STType":"REAL","Access":1,"Name":"Q","TranslitedName":"Result","ID":42431,"Type":"Variable","Childs":[]},{"STType":"SINT","Access":3,"Name":"IN1","TranslitedName":"IN1","ID":42429,"Type":"Variable","Childs":[]},{"STType":"REAL","Access":3,"Name":"IN2","TranslitedName":"IN2","ID":42430,"Type":"Variable","Childs":[]},{"STType":"BOOL","Access":1,"Name":"EnO","TranslitedName":"EnO","ID":42428,"Type":"Variable","Childs":[]},{"STType":"BOOL","Access":3,"Name":"En","TranslitedName":"En","ID":42427,"Type":"Variable","Childs":[]}]}]},{"Name":"ADD","TranslitedName":"ADD","ID":42432,"Type":"Folder","Childs":[{"Name":"Параметры","TranslitedName":"Parameters","ID":42433,"Type":"Folder","Childs":[{"STType":"REAL","Access":1,"Name":"Q","TranslitedName":"Result","ID":42438,"Type":"Variable","Childs":[]},{"STType":"REAL","Access":3,"Name":"IN1","TranslitedName":"IN1","ID":42436,"Type":"Variable","Childs":[]},{"STType":"SINT","Access":3,"Name":"IN2","TranslitedName":"IN2","ID":42437,"Type":"Variable","Childs":[]},{"STType":"BOOL","Access":1,"Name":"EnO","TranslitedName":"EnO","ID":42435,"Type":"Variable","Childs":[]},{"STType":"BOOL","Access":3,"Name":"En","TranslitedName":"En","ID":42434,"Type":"Variable","Childs":[]}]}]}]}]}]}]}]},{"Name":"Влажность 1","TranslitedName":"Vlazhnostj_1","ID":45064,"Type":"Object","Childs":[{"STType":"LREAL","Access":3,"Name":"Выход","TranslitedName":"Vihod","ID":46027,"Type":"Variable","Childs":[]},{"Name":"Ресурсы","TranslitedName":"Resources","ID":45065,"Type":"Folder","Childs":[{"Name":"Программы","TranslitedName":"Programs","ID":56905,"Type":"Folder","Childs":[{"Name":"Накопитель","TranslitedName":"Nakopitelj","ID":56906,"Type":"Folder","Childs":[{"Name":"Параметры","TranslitedName":"Parameters","ID":56910,"Type":"Folder","Childs":[{"STType":"BOOL","Access":1,"Name":"EnO","TranslitedName":"EnO","ID":56911,"Type":"Variable","Childs":[]},{"STType":"LREAL","Access":1,"Name":"Выход","TranslitedName":"Vihod","ID":56923,"Type":"Variable","Childs":[]}]},{"Name":"Локальные","TranslitedName":"Declarations","ID":56907,"Type":"Folder","Childs":[{"STType":"INT","Access":3,"Name":"Идентификатор","TranslitedName":"Identifikator","ID":56908,"Type":"Variable","Childs":[]},{"STType":"LREAL","Access":3,"Name":"x","TranslitedName":"x","ID":56909,"Type":"Variable","Childs":[]}]}]}]}]}]},{"Name":"В канале 1","TranslitedName":"V_kanale_1","ID":48668,"Type":"Object","Childs":[{"STType":"LREAL","Access":3,"Name":"Выход","TranslitedName":"Vihod","ID":49877,"Type":"Variable","Childs":[]},{"Name":"Ресурсы","TranslitedName":"Resources","ID":48669,"Type":"Folder","Childs":[{"Name":"Программы","TranslitedName":"Programs","ID":48670,"Type":"Folder","Childs":[{"Name":"Рандомизатор","TranslitedName":"Randomizator","ID":48671,"Type":"Folder","Childs":[{"Name":"Параметры","TranslitedName":"Parameters","ID":48682,"Type":"Folder","Childs":[{"STType":"LREAL","Access":3,"Name":"AM_1","TranslitedName":"AM_1","ID":48684,"Type":"Variable","Childs":[]},{"STType":"LREAL","Access":3,"Name":"OS_1","TranslitedName":"OS_1","ID":48685,"Type":"Variable","Childs":[]},{"STType":"TIME","Access":3,"Name":"PT_1","TranslitedName":"PT_1","ID":48686,"Type":"Variable","Childs":[]},{"STType":"BOOL","Access":1,"Name":"EnO","TranslitedName":"EnO","ID":48683,"Type":"Variable","Childs":[]},{"STType":"LREAL","Access":1,"Name":"Q_1","TranslitedName":"Q_1","ID":48687,"Type":"Variable","Childs":[]}]},{"Name":"GEN_RDM_1","TranslitedName":"GEN_RDM_1","ID":48673,"Type":"Folder","Childs":[{"Name":"Параметры","TranslitedName":"Parameters","ID":48675,"Type":"Folder","Childs":[{"STType":"BOOL","Access":1,"Name":"EnO","TranslitedName":"EnO","ID":48676,"Type":"Variable","Childs":[]},{"STType":"TIME","Access":3,"Name":"PT","TranslitedName":"PT","ID":48677,"Type":"Variable","Childs":[]},{"STType":"REAL","Access":3,"Name":"AM","TranslitedName":"AM","ID":48678,"Type":"Variable","Childs":[]},{"STType":"REAL","Access":3,"Name":"OS","TranslitedName":"OS","ID":48679,"Type":"Variable","Childs":[]},{"STType":"BOOL","Access":1,"Name":"Q","TranslitedName":"Q","ID":48680,"Type":"Variable","Childs":[]},{"STType":"REAL","Access":1,"Name":"Out","TranslitedName":"Out","ID":48681,"Type":"Variable","Childs":[]}]}]},{"Name":"Алгоритм","TranslitedName":"Scheme","ID":48688,"Type":"Folder","Childs":[{"Name":"GEN_RDM","TranslitedName":"GEN_RDM","ID":48689,"Type":"Folder","Childs":[{"Name":"Параметры","TranslitedName":"Parameters","ID":48691,"Type":"Folder","Childs":[{"STType":"BOOL","Access":3,"Name":"En","TranslitedName":"En","ID":48692,"Type":"Variable","Childs":[]},{"STType":"TIME","Access":3,"Name":"PT","TranslitedName":"PT","ID":48694,"Type":"Variable","Childs":[]},{"STType":"LREAL","Access":3,"Name":"AM","TranslitedName":"AM","ID":48695,"Type":"Variable","Childs":[]},{"STType":"LREAL","Access":3,"Name":"OS","TranslitedName":"OS","ID":48696,"Type":"Variable","Childs":[]}]}]},{"Name":"MUL","TranslitedName":"MUL","ID":48699,"Type":"Folder","Childs":[{"Name":"Параметры","TranslitedName":"Parameters","ID":48700,"Type":"Folder","Childs":[{"STType":"REAL","Access":1,"Name":"Q","TranslitedName":"Result","ID":48705,"Type":"Variable","Childs":[]},{"STType":"SINT","Access":3,"Name":"IN1","TranslitedName":"IN1","ID":48703,"Type":"Variable","Childs":[]},{"STType":"REAL","Access":3,"Name":"IN2","TranslitedName":"IN2","ID":48704,"Type":"Variable","Childs":[]},{"STType":"BOOL","Access":1,"Name":"EnO","TranslitedName":"EnO","ID":48702,"Type":"Variable","Childs":[]},{"STType":"BOOL","Access":3,"Name":"En","TranslitedName":"En","ID":48701,"Type":"Variable","Childs":[]}]}]},{"Name":"ADD","TranslitedName":"ADD","ID":48706,"Type":"Folder","Childs":[{"Name":"Параметры","TranslitedName":"Parameters","ID":48707,"Type":"Folder","Childs":[{"STType":"REAL","Access":1,"Name":"Q","TranslitedName":"Result","ID":48712,"Type":"Variable","Childs":[]},{"STType":"REAL","Access":3,"Name":"IN1","TranslitedName":"IN1","ID":48710,"Type":"Variable","Childs":[]},{"STType":"SINT","Access":3,"Name":"IN2","TranslitedName":"IN2","ID":48711,"Type":"Variable","Childs":[]},{"STType":"BOOL","Access":1,"Name":"EnO","TranslitedName":"EnO","ID":48709,"Type":"Variable","Childs":[]},{"STType":"BOOL","Access":3,"Name":"En","TranslitedName":"En","ID":48708,"Type":"Variable","Childs":[]}]}]}]}]}]}]}]},{"Name":"Обратная вода 1","TranslitedName":"Obratnaya_voda_1","ID":50493,"Type":"Object","Childs":[{"STType":"LREAL","Access":3,"Name":"Выход","TranslitedName":"Vihod","ID":50899,"Type":"Variable","Childs":[]},{"Name":"Ресурсы","TranslitedName":"Resources","ID":50494,"Type":"Folder","Childs":[{"Name":"Программы","TranslitedName":"Programs","ID":56824,"Type":"Folder","Childs":[{"Name":"Накопитель","TranslitedName":"Nakopitelj","ID":56834,"Type":"Folder","Childs":[{"Name":"Параметры","TranslitedName":"Parameters","ID":56838,"Type":"Folder","Childs":[{"STType":"BOOL","Access":1,"Name":"EnO","TranslitedName":"EnO","ID":56839,"Type":"Variable","Childs":[]},{"STType":"LREAL","Access":1,"Name":"Выход","TranslitedName":"Vihod","ID":56840,"Type":"Variable","Childs":[]}]},{"Name":"Локальные","TranslitedName":"Declarations","ID":56835,"Type":"Folder","Childs":[{"STType":"INT","Access":3,"Name":"Идентификатор","TranslitedName":"Identifikator","ID":56836,"Type":"Variable","Childs":[]},{"STType":"LREAL","Access":3,"Name":"x","TranslitedName":"x","ID":56837,"Type":"Variable","Childs":[]}]}]}]}]}]},{"Name":"Обратная вода 2","TranslitedName":"Obratnaya_voda_2","ID":53717,"Type":"Object","Childs":[{"STType":"LREAL","Access":3,"Name":"Выход","TranslitedName":"Vihod","ID":54236,"Type":"Variable","Childs":[]},{"Name":"Ресурсы","TranslitedName":"Resources","ID":53718,"Type":"Folder","Childs":[{"Name":"Программы","TranslitedName":"Programs","ID":53719,"Type":"Folder","Childs":[{"Name":"Накопитель","TranslitedName":"Nakopitelj","ID":53720,"Type":"Folder","Childs":[{"Name":"Параметры","TranslitedName":"Parameters","ID":53724,"Type":"Folder","Childs":[{"STType":"BOOL","Access":1,"Name":"EnO","TranslitedName":"EnO","ID":53725,"Type":"Variable","Childs":[]},{"STType":"LREAL","Access":1,"Name":"Выход","TranslitedName":"Vihod","ID":53726,"Type":"Variable","Childs":[]}]},{"Name":"Локальные","TranslitedName":"Declarations","ID":53721,"Type":"Folder","Childs":[{"STType":"INT","Access":3,"Name":"Идентификатор","TranslitedName":"Identifikator","ID":53722,"Type":"Variable","Childs":[]},{"STType":"LREAL","Access":3,"Name":"x","TranslitedName":"x","ID":53723,"Type":"Variable","Childs":[]}]}]}]}]}]},{"Name":"Уличный воздух 1","TranslitedName":"Ulichnij_vozduh_1","ID":55540,"Type":"Object","Childs":[{"STType":"LREAL","Access":3,"Name":"Выход","TranslitedName":"Vihod","ID":56059,"Type":"Variable","Childs":[]},{"Name":"Ресурсы","TranslitedName":"Resources","ID":55541,"Type":"Folder","Childs":[{"Name":"Программы","TranslitedName":"Programs","ID":56049,"Type":"Folder","Childs":[{"Name":"Накопитель","TranslitedName":"Nakopitelj","ID":56050,"Type":"Folder","Childs":[{"Name":"Параметры","TranslitedName":"Parameters","ID":56054,"Type":"Folder","Childs":[{"STType":"BOOL","Access":1,"Name":"EnO","TranslitedName":"EnO","ID":56055,"Type":"Variable","Childs":[]},{"STType":"LREAL","Access":1,"Name":"Выход","TranslitedName":"Vihod","ID":56056,"Type":"Variable","Childs":[]}]},{"Name":"Локальные","TranslitedName":"Declarations","ID":56051,"Type":"Folder","Childs":[{"STType":"INT","Access":3,"Name":"Идентификатор","TranslitedName":"Identifikator","ID":56052,"Type":"Variable","Childs":[]},{"STType":"LREAL","Access":3,"Name":"x","TranslitedName":"x","ID":56053,"Type":"Variable","Childs":[]}]}]}]}]}]},{"Name":"Вытяжной воздух 1","TranslitedName":"Vityazhnoj_vozduh_1","ID":56063,"Type":"Object","Childs":[{"STType":"LREAL","Access":3,"Name":"Выход","TranslitedName":"Vihod","ID":56623,"Type":"Variable","Childs":[]},{"Name":"Ресурсы","TranslitedName":"Resources","ID":56064,"Type":"Folder","Childs":[{"Name":"Программы","TranslitedName":"Programs","ID":56572,"Type":"Folder","Childs":[{"Name":"Рандомизатор","TranslitedName":"Randomizator","ID":56573,"Type":"Folder","Childs":[{"Name":"Параметры","TranslitedName":"Parameters","ID":56584,"Type":"Folder","Childs":[{"STType":"LREAL","Access":3,"Name":"AM_1","TranslitedName":"AM_1","ID":56586,"Type":"Variable","Childs":[]},{"STType":"LREAL","Access":3,"Name":"OS_1","TranslitedName":"OS_1","ID":56587,"Type":"Variable","Childs":[]},{"STType":"TIME","Access":3,"Name":"PT_1","TranslitedName":"PT_1","ID":56588,"Type":"Variable","Childs":[]},{"STType":"BOOL","Access":1,"Name":"EnO","TranslitedName":"EnO","ID":56585,"Type":"Variable","Childs":[]},{"STType":"LREAL","Access":1,"Name":"Q_1","TranslitedName":"Q_1","ID":56589,"Type":"Variable","Childs":[]}]},{"Name":"GEN_RDM_1","TranslitedName":"GEN_RDM_1","ID":56575,"Type":"Folder","Childs":[{"Name":"Параметры","TranslitedName":"Parameters","ID":56577,"Type":"Folder","Childs":[{"STType":"BOOL","Access":1,"Name":"EnO","TranslitedName":"EnO","ID":56578,"Type":"Variable","Childs":[]},{"STType":"TIME","Access":3,"Name":"PT","TranslitedName":"PT","ID":56579,"Type":"Variable","Childs":[]},{"STType":"REAL","Access":3,"Name":"AM","TranslitedName":"AM","ID":56580,"Type":"Variable","Childs":[]},{"STType":"REAL","Access":3,"Name":"OS","TranslitedName":"OS","ID":56581,"Type":"Variable","Childs":[]},{"STType":"BOOL","Access":1,"Name":"Q","TranslitedName":"Q","ID":56582,"Type":"Variable","Childs":[]},{"STType":"REAL","Access":1,"Name":"Out","TranslitedName":"Out","ID":56583,"Type":"Variable","Childs":[]}]}]},{"Name":"Алгоритм","TranslitedName":"Scheme","ID":56590,"Type":"Folder","Childs":[{"Name":"GEN_RDM","TranslitedName":"GEN_RDM","ID":56591,"Type":"Folder","Childs":[{"Name":"Параметры","TranslitedName":"Parameters","ID":56593,"Type":"Folder","Childs":[{"STType":"BOOL","Access":3,"Name":"En","TranslitedName":"En","ID":56594,"Type":"Variable","Childs":[]},{"STType":"TIME","Access":3,"Name":"PT","TranslitedName":"PT","ID":56596,"Type":"Variable","Childs":[]},{"STType":"LREAL","Access":3,"Name":"AM","TranslitedName":"AM","ID":56597,"Type":"Variable","Childs":[]},{"STType":"LREAL","Access":3,"Name":"OS","TranslitedName":"OS","ID":56598,"Type":"Variable","Childs":[]}]}]},{"Name":"MUL","TranslitedName":"MUL","ID":56601,"Type":"Folder","Childs":[{"Name":"Параметры","TranslitedName":"Parameters","ID":56602,"Type":"Folder","Childs":[{"STType":"REAL","Access":1,"Name":"Q","TranslitedName":"Result","ID":56607,"Type":"Variable","Childs":[]},{"STType":"SINT","Access":3,"Name":"IN1","TranslitedName":"IN1","ID":56605,"Type":"Variable","Childs":[]},{"STType":"REAL","Access":3,"Name":"IN2","TranslitedName":"IN2","ID":56606,"Type":"Variable","Childs":[]},{"STType":"BOOL","Access":1,"Name":"EnO","TranslitedName":"EnO","ID":56604,"Type":"Variable","Childs":[]},{"STType":"BOOL","Access":3,"Name":"En","TranslitedName":"En","ID":56603,"Type":"Variable","Childs":[]}]}]},{"Name":"ADD","TranslitedName":"ADD","ID":56608,"Type":"Folder","Childs":[{"Name":"Параметры","TranslitedName":"Parameters","ID":56609,"Type":"Folder","Childs":[{"STType":"REAL","Access":1,"Name":"Q","TranslitedName":"Result","ID":56614,"Type":"Variable","Childs":[]},{"STType":"REAL","Access":3,"Name":"IN1","TranslitedName":"IN1","ID":56612,"Type":"Variable","Childs":[]},{"STType":"SINT","Access":3,"Name":"IN2","TranslitedName":"IN2","ID":56613,"Type":"Variable","Childs":[]},{"STType":"BOOL","Access":1,"Name":"EnO","TranslitedName":"EnO","ID":56611,"Type":"Variable","Childs":[]},{"STType":"BOOL","Access":3,"Name":"En","TranslitedName":"En","ID":56610,"Type":"Variable","Childs":[]}]}]}]}]}]}]}]}]},{"Name":"Фильтр притока 1","TranslitedName":"Filjtr_pritoka_1","ID":36119,"Type":"Object","Childs":[{"STType":"BOOL","Access":3,"Name":"Авария","TranslitedName":"Avariya","ID":36262,"Type":"Variable","Childs":[]},{"STType":"BOOL","Access":3,"Name":"Видимость","TranslitedName":"Vidimostj","ID":36263,"Type":"Variable","Childs":[]},{"STType":"BOOL","Access":3,"Name":"Открыт","TranslitedName":"Otkrit","ID":36264,"Type":"Variable","Childs":[]},{"STType":"BOOL","Access":3,"Name":"Пассив","TranslitedName":"Passiv","ID":36265,"Type":"Variable","Childs":[]}]},{"Name":"Жалюзи притока 1","TranslitedName":"Zhalyuzi_pritoka_1","ID":36325,"Type":"Object","Childs":[{"STType":"BOOL","Access":3,"Name":"Авария","TranslitedName":"Avariya","ID":36482,"Type":"Variable","Childs":[]},{"STType":"BOOL","Access":3,"Name":"Переход","TranslitedName":"Perehod","ID":36483,"Type":"Variable","Childs":[]},{"STType":"BOOL","Access":3,"Name":"Прогрев","TranslitedName":"Progrev","ID":36484,"Type":"Variable","Childs":[]},{"STType":"BOOL","Access":3,"Name":"Видимость","TranslitedName":"Vidimostj","ID":36485,"Type":"Variable","Childs":[]},{"STType":"BOOL","Access":3,"Name":"Открыт","TranslitedName":"Otkrit","ID":36486,"Type":"Variable","Childs":[]}]},{"Name":"Жалюзи вытяжки 1","TranslitedName":"Zhalyuzi_vityazhki_1","ID":36547,"Type":"Object","Childs":[{"STType":"BOOL","Access":3,"Name":"Авария","TranslitedName":"Avariya","ID":36710,"Type":"Variable","Childs":[]},{"STType":"BOOL","Access":3,"Name":"Переход","TranslitedName":"Perehod","ID":36711,"Type":"Variable","Childs":[]},{"STType":"BOOL","Access":3,"Name":"Прогрев","TranslitedName":"Progrev","ID":36712,"Type":"Variable","Childs":[]},{"STType":"BOOL","Access":3,"Name":"Видимость","TranslitedName":"Vidimostj","ID":36713,"Type":"Variable","Childs":[]},{"STType":"BOOL","Access":3,"Name":"Открыт","TranslitedName":"Otkrit","ID":36714,"Type":"Variable","Childs":[]}]},{"Name":"Фильтр вытяжки 1","TranslitedName":"Filjtr_vityazhki_1","ID":36775,"Type":"Object","Childs":[{"STType":"BOOL","Access":3,"Name":"Авария","TranslitedName":"Avariya","ID":36918,"Type":"Variable","Childs":[]},{"STType":"BOOL","Access":3,"Name":"Видимость","TranslitedName":"Vidimostj","ID":36919,"Type":"Variable","Childs":[]},{"STType":"BOOL","Access":3,"Name":"Открыт","TranslitedName":"Otkrit","ID":36920,"Type":"Variable","Childs":[]},{"STType":"BOOL","Access":3,"Name":"Пассив","TranslitedName":"Passiv","ID":36921,"Type":"Variable","Childs":[]}]},{"Name":"Пластинчатый рекуператор 1","TranslitedName":"Plastinchatij_rekuperator_1","ID":37161,"Type":"Object","Childs":[{"STType":"BOOL","Access":3,"Name":"Авария","TranslitedName":"Avariya","ID":37365,"Type":"Variable","Childs":[]},{"STType":"BOOL","Access":3,"Name":"Видимость","TranslitedName":"Vidimostj","ID":37366,"Type":"Variable","Childs":[]},{"STType":"BOOL","Access":3,"Name":"ИндикаторНаличие","TranslitedName":"IndikatorNalichie","ID":37367,"Type":"Variable","Childs":[]},{"STType":"BOOL","Access":3,"Name":"Ограничение","TranslitedName":"Ogranichenie","ID":37368,"Type":"Variable","Childs":[]},{"STType":"BOOL","Access":3,"Name":"Проворот","TranslitedName":"Provorot","ID":37369,"Type":"Variable","Childs":[]},{"STType":"BOOL","Access":3,"Name":"Потоки воздуха","TranslitedName":"Potoki_vozduha","ID":37370,"Type":"Variable","Childs":[]},{"STType":"BOOL","Access":3,"Name":"Пассив","TranslitedName":"Passiv","ID":37371,"Type":"Variable","Childs":[]},{"STType":"LREAL","Access":3,"Name":"ИндикаторСтолбик","TranslitedName":"IndikatorStolbik","ID":37372,"Type":"Variable","Childs":[]},{"STType":"STRING","Access":3,"Name":"ИндикаторПодпись","TranslitedName":"IndikatorPodpisj","ID":37373,"Type":"Variable","Childs":[]},{"Name":"Ресурсы","TranslitedName":"Resources","ID":37162,"Type":"Folder","Childs":[{"Name":"Программы","TranslitedName":"Programs","ID":37163,"Type":"Folder","Childs":[{"Name":"Конкатенация_1","TranslitedName":"Konkatenaciya_1","ID":37164,"Type":"Folder","Childs":[{"Name":"Параметры","TranslitedName":"Parameters","ID":37165,"Type":"Folder","Childs":[{"STType":"BOOL","Access":1,"Name":"EnO","TranslitedName":"EnO","ID":37166,"Type":"Variable","Childs":[]},{"STType":"STRING","Access":1,"Name":"Подпись","TranslitedName":"Podpisj","ID":37167,"Type":"Variable","Childs":[]},{"STType":"STRING","Access":3,"Name":"Единицы","TranslitedName":"Edinici","ID":37168,"Type":"Variable","Childs":[]},{"STType":"LREAL","Access":3,"Name":"Значение","TranslitedName":"Znachenie","ID":37169,"Type":"Variable","Childs":[]}]}]}]}]}]},{"Name":"Водяной калорифер 1","TranslitedName":"Vodyanoj_kalorifer_1","ID":37439,"Type":"Object","Childs":[{"STType":"BOOL","Access":3,"Name":"Авария","TranslitedName":"Avariya","ID":37793,"Type":"Variable","Childs":[]},{"STType":"BOOL","Access":3,"Name":"НасосЗапущен","TranslitedName":"NasosZapuschen","ID":37794,"Type":"Variable","Childs":[]},{"STType":"BOOL","Access":3,"Name":"Видимость","TranslitedName":"Vidimostj","ID":37795,"Type":"Variable","Childs":[]},{"STType":"BOOL","Access":3,"Name":"Пассив","TranslitedName":"Passiv","ID":37796,"Type":"Variable","Childs":[]},{"STType":"BOOL","Access":3,"Name":"Мягкий Старт","TranslitedName":"Myagkij_Start","ID":37797,"Type":"Variable","Childs":[]},{"STType":"BOOL","Access":3,"Name":"ИндикаторНаличие","TranslitedName":"IndikatorNalichie","ID":37798,"Type":"Variable","Childs":[]},{"STType":"BOOL","Access":3,"Name":"Ограничение","TranslitedName":"Ogranichenie","ID":37799,"Type":"Variable","Childs":[]},{"STType":"REAL","Access":3,"Name":"ИндикаторСтолбик","TranslitedName":"IndikatorStolbik","ID":37800,"Type":"Variable","Childs":[]},{"STType":"STRING","Access":3,"Name":"ИндикаторПодпись","TranslitedName":"IndikatorPodpisj","ID":37801,"Type":"Variable","Childs":[]},{"STType":"BOOL","Access":3,"Name":"Мощность1","TranslitedName":"Moschnostj1","ID":37802,"Type":"Variable","Childs":[]},{"STType":"BOOL","Access":3,"Name":"Мощность2","TranslitedName":"Moschnostj2","ID":37803,"Type":"Variable","Childs":[]},{"STType":"BOOL","Access":3,"Name":"Мощность3","TranslitedName":"Moschnostj3","ID":37804,"Type":"Variable","Childs":[]},{"STType":"BOOL","Access":3,"Name":"Нет Воды","TranslitedName":"Net_Vodi","ID":37805,"Type":"Variable","Childs":[]},{"STType":"BOOL","Access":3,"Name":"Прогрев","TranslitedName":"Progrev","ID":37806,"Type":"Variable","Childs":[]},{"STType":"BOOL","Access":3,"Name":"АварияНасоса","TranslitedName":"AvariyaNasosa","ID":37807,"Type":"Variable","Childs":[]},{"STType":"BOOL","Access":3,"Name":"Недогрев","TranslitedName":"Nedogrev","ID":37808,"Type":"Variable","Childs":[]},{"STType":"BOOL","Access":3,"Name":"Перегрев","TranslitedName":"Peregrev","ID":37809,"Type":"Variable","Childs":[]},{"STType":"BOOL","Access":3,"Name":"Проворот","TranslitedName":"Provorot","ID":37810,"Type":"Variable","Childs":[]},{"Name":"Ресурсы","TranslitedName":"Resources","ID":37440,"Type":"Folder","Childs":[{"Name":"Программы","TranslitedName":"Programs","ID":37441,"Type":"Folder","Childs":[{"Name":"Конкатенация_1","TranslitedName":"Konkatenaciya_1","ID":37442,"Type":"Folder","Childs":[{"Name":"Параметры","TranslitedName":"Parameters","ID":37443,"Type":"Folder","Childs":[{"STType":"BOOL","Access":1,"Name":"EnO","TranslitedName":"EnO","ID":37444,"Type":"Variable","Childs":[]},{"STType":"STRING","Access":1,"Name":"Подпись","TranslitedName":"Podpisj","ID":37445,"Type":"Variable","Childs":[]},{"STType":"STRING","Access":3,"Name":"Единицы","TranslitedName":"Edinici","ID":37446,"Type":"Variable","Childs":[]},{"STType":"LREAL","Access":3,"Name":"Значение","TranslitedName":"Znachenie","ID":37447,"Type":"Variable","Childs":[]}]}]}]}]}]},{"Name":"Водяной охладитель 1","TranslitedName":"Vodyanoj_ohladitelj_1","ID":37885,"Type":"Object","Childs":[{"STType":"BOOL","Access":3,"Name":"Авария","TranslitedName":"Avariya","ID":38211,"Type":"Variable","Childs":[]},{"STType":"BOOL","Access":3,"Name":"АварияНасоса","TranslitedName":"AvariyaNasosa","ID":38212,"Type":"Variable","Childs":[]},{"STType":"BOOL","Access":3,"Name":"НасосЗапущен","TranslitedName":"NasosZapuschen","ID":38213,"Type":"Variable","Childs":[]},{"STType":"BOOL","Access":3,"Name":"НасосОстановлен","TranslitedName":"NasosOstanovlen","ID":38214,"Type":"Variable","Childs":[]},{"STType":"BOOL","Access":3,"Name":"Видимость","TranslitedName":"Vidimostj","ID":38215,"Type":"Variable","Childs":[]},{"STType":"BOOL","Access":3,"Name":"Пассив","TranslitedName":"Passiv","ID":38216,"Type":"Variable","Childs":[]},{"STType":"BOOL","Access":3,"Name":"НасосПассив","TranslitedName":"NasosPassiv","ID":38217,"Type":"Variable","Childs":[]},{"STType":"BOOL","Access":3,"Name":"ИндикаторНаличие","TranslitedName":"IndikatorNalichie","ID":38218,"Type":"Variable","Childs":[]},{"STType":"BOOL","Access":3,"Name":"Ограничение","TranslitedName":"Ogranichenie","ID":38219,"Type":"Variable","Childs":[]},{"STType":"REAL","Access":3,"Name":"ИндикаторСтолбик","TranslitedName":"IndikatorStolbik","ID":38220,"Type":"Variable","Childs":[]},{"STType":"STRING","Access":3,"Name":"ИндикаторПодпись","TranslitedName":"IndikatorPodpisj","ID":38221,"Type":"Variable","Childs":[]},{"STType":"BOOL","Access":3,"Name":"Мощность0","TranslitedName":"Moschnostj0","ID":38222,"Type":"Variable","Childs":[]},{"STType":"BOOL","Access":3,"Name":"Мощность1","TranslitedName":"Moschnostj1","ID":38223,"Type":"Variable","Childs":[]},{"STType":"BOOL","Access":3,"Name":"Мощность2","TranslitedName":"Moschnostj2","ID":38224,"Type":"Variable","Childs":[]},{"STType":"BOOL","Access":3,"Name":"Мощность3","TranslitedName":"Moschnostj3","ID":38225,"Type":"Variable","Childs":[]},{"STType":"BOOL","Access":3,"Name":"Нет Насоса","TranslitedName":"Net_Nasosa","ID":38226,"Type":"Variable","Childs":[]},{"Name":"Ресурсы","TranslitedName":"Resources","ID":37886,"Type":"Folder","Childs":[{"Name":"Программы","TranslitedName":"Programs","ID":37887,"Type":"Folder","Childs":[{"Name":"Конкатенация_1","TranslitedName":"Konkatenaciya_1","ID":37888,"Type":"Folder","Childs":[{"Name":"Параметры","TranslitedName":"Parameters","ID":37889,"Type":"Folder","Childs":[{"STType":"BOOL","Access":1,"Name":"EnO","TranslitedName":"EnO","ID":37890,"Type":"Variable","Childs":[]},{"STType":"STRING","Access":1,"Name":"Подпись","TranslitedName":"Podpisj","ID":37891,"Type":"Variable","Childs":[]},{"STType":"STRING","Access":3,"Name":"Единицы","TranslitedName":"Edinici","ID":37892,"Type":"Variable","Childs":[]},{"STType":"LREAL","Access":3,"Name":"Значение","TranslitedName":"Znachenie","ID":37893,"Type":"Variable","Childs":[]}]}]}]}]}]},{"Name":"Электрокалорифер 1","TranslitedName":"Elektrokalorifer_1","ID":38299,"Type":"Object","Childs":[{"STType":"BOOL","Access":3,"Name":"Авария","TranslitedName":"Avariya","ID":38575,"Type":"Variable","Childs":[]},{"STType":"BOOL","Access":3,"Name":"Видимость","TranslitedName":"Vidimostj","ID":38576,"Type":"Variable","Childs":[]},{"STType":"BOOL","Access":3,"Name":"Мощность1","TranslitedName":"Moschnostj1","ID":38577,"Type":"Variable","Childs":[]},{"STType":"BOOL","Access":3,"Name":"Мощность2","TranslitedName":"Moschnostj2","ID":38578,"Type":"Variable","Childs":[]},{"STType":"BOOL","Access":3,"Name":"Мощность3","TranslitedName":"Moschnostj3","ID":38579,"Type":"Variable","Childs":[]},{"STType":"BOOL","Access":3,"Name":"Ограничение","TranslitedName":"Ogranichenie","ID":38580,"Type":"Variable","Childs":[]},{"STType":"BOOL","Access":3,"Name":"Пассив","TranslitedName":"Passiv","ID":38581,"Type":"Variable","Childs":[]},{"STType":"BOOL","Access":3,"Name":"Прогрев","TranslitedName":"Progrev","ID":38582,"Type":"Variable","Childs":[]},{"STType":"BOOL","Access":3,"Name":"Продувка","TranslitedName":"Produvka","ID":38583,"Type":"Variable","Childs":[]},{"STType":"BOOL","Access":3,"Name":"ИндикаторНаличие","TranslitedName":"IndikatorNalichie","ID":38584,"Type":"Variable","Childs":[]},{"STType":"LREAL","Access":3,"Name":"ИндикаторСтолбик","TranslitedName":"IndikatorStolbik","ID":38585,"Type":"Variable","Childs":[]},{"STType":"BOOL","Access":3,"Name":"Предпрогрев","TranslitedName":"Predprogrev","ID":38586,"Type":"Variable","Childs":[]},{"STType":"STRING","Access":3,"Name":"ИндикаторПодпись","TranslitedName":"IndikatorPodpisj","ID":38587,"Type":"Variable","Childs":[]},{"Name":"Ресурсы","TranslitedName":"Resources","ID":38300,"Type":"Folder","Childs":[{"Name":"Программы","TranslitedName":"Programs","ID":38301,"Type":"Folder","Childs":[{"Name":"Конкатенация_1","TranslitedName":"Konkatenaciya_1","ID":38302,"Type":"Folder","Childs":[{"Name":"Параметры","TranslitedName":"Parameters","ID":38303,"Type":"Folder","Childs":[{"STType":"BOOL","Access":1,"Name":"EnO","TranslitedName":"EnO","ID":38304,"Type":"Variable","Childs":[]},{"STType":"STRING","Access":1,"Name":"Подпись","TranslitedName":"Podpisj","ID":38305,"Type":"Variable","Childs":[]},{"STType":"STRING","Access":3,"Name":"Единицы","TranslitedName":"Edinici","ID":38306,"Type":"Variable","Childs":[]},{"STType":"LREAL","Access":3,"Name":"Значение","TranslitedName":"Znachenie","ID":38307,"Type":"Variable","Childs":[]}]}]}]}]}]},{"Name":"Пароувлажнитель 1","TranslitedName":"Parouvlazhnitelj_1","ID":38657,"Type":"Object","Childs":[{"STType":"BOOL","Access":3,"Name":"Авария","TranslitedName":"Avariya","ID":38863,"Type":"Variable","Childs":[]},{"STType":"BOOL","Access":3,"Name":"Видимость","TranslitedName":"Vidimostj","ID":38864,"Type":"Variable","Childs":[]},{"STType":"BOOL","Access":3,"Name":"Запуск","TranslitedName":"Zapusk","ID":38865,"Type":"Variable","Childs":[]},{"STType":"BOOL","Access":3,"Name":"ИндикаторНаличие","TranslitedName":"IndikatorNalichie","ID":38866,"Type":"Variable","Childs":[]},{"STType":"BOOL","Access":3,"Name":"Ограничение","TranslitedName":"Ogranichenie","ID":38867,"Type":"Variable","Childs":[]},{"STType":"BOOL","Access":3,"Name":"Пассив","TranslitedName":"Passiv","ID":38868,"Type":"Variable","Childs":[]},{"STType":"STRING","Access":3,"Name":"ИндикаторПодпись","TranslitedName":"IndikatorPodpisj","ID":38869,"Type":"Variable","Childs":[]},{"STType":"LREAL","Access":3,"Name":"ИндикаторСтолбик","TranslitedName":"IndikatorStolbik","ID":38870,"Type":"Variable","Childs":[]},{"STType":"STRING[15]","Access":3,"Name":"ЦветПара","TranslitedName":"CvetPara","ID":38871,"Type":"Variable","Childs":[]},{"Name":"Ресурсы","TranslitedName":"Resources","ID":38658,"Type":"Folder","Childs":[{"Name":"Программы","TranslitedName":"Programs","ID":38659,"Type":"Folder","Childs":[{"Name":"Конкатенация_1","TranslitedName":"Konkatenaciya_1","ID":38660,"Type":"Folder","Childs":[{"Name":"Параметры","TranslitedName":"Parameters","ID":38661,"Type":"Folder","Childs":[{"STType":"BOOL","Access":1,"Name":"EnO","TranslitedName":"EnO","ID":38662,"Type":"Variable","Childs":[]},{"STType":"STRING","Access":1,"Name":"Подпись","TranslitedName":"Podpisj","ID":38663,"Type":"Variable","Childs":[]},{"STType":"STRING","Access":3,"Name":"Единицы","TranslitedName":"Edinici","ID":38664,"Type":"Variable","Childs":[]},{"STType":"LREAL","Access":3,"Name":"Значение","TranslitedName":"Znachenie","ID":38665,"Type":"Variable","Childs":[]}]}]}]}]}]},{"Name":"Вентилятор вытяжки 1","TranslitedName":"Ventilyator_vityazhki_1","ID":38937,"Type":"Object","Childs":[{"STType":"BOOL","Access":3,"Name":"АварияДвигатель","TranslitedName":"AvariyaDvigatelj","ID":39197,"Type":"Variable","Childs":[]},{"STType":"BOOL","Access":3,"Name":"АварияНетВращения","TranslitedName":"AvariyaNetVrascheniya","ID":39198,"Type":"Variable","Childs":[]},{"STType":"BOOL","Access":3,"Name":"ИнвертерНаличие","TranslitedName":"InverterNalichie","ID":39199,"Type":"Variable","Childs":[]},{"STType":"BOOL","Access":3,"Name":"ИнвертерАвария","TranslitedName":"InverterAvariya","ID":39200,"Type":"Variable","Childs":[]},{"STType":"BOOL","Access":3,"Name":"Видимость","TranslitedName":"Vidimostj","ID":39201,"Type":"Variable","Childs":[]},{"STType":"BOOL","Access":3,"Name":"Раскрутка","TranslitedName":"Raskrutka","ID":39202,"Type":"Variable","Childs":[]},{"STType":"BOOL","Access":3,"Name":"Торможение","TranslitedName":"Tormozhenie","ID":39203,"Type":"Variable","Childs":[]},{"STType":"BOOL","Access":3,"Name":"Запущен","TranslitedName":"Zapuschen","ID":39204,"Type":"Variable","Childs":[]},{"STType":"BOOL","Access":3,"Name":"ИндикаторНаличие","TranslitedName":"IndikatorNalichie","ID":39205,"Type":"Variable","Childs":[]},{"STType":"BOOL","Access":3,"Name":"Ограничение","TranslitedName":"Ogranichenie","ID":39206,"Type":"Variable","Childs":[]},{"STType":"REAL","Access":3,"Name":"ИндикаторСтолбик","TranslitedName":"IndikatorStolbik","ID":39207,"Type":"Variable","Childs":[]},{"STType":"STRING","Access":3,"Name":"ИндикаторПодпись","TranslitedName":"IndikatorPodpisj","ID":39208,"Type":"Variable","Childs":[]},{"Name":"Ресурсы","TranslitedName":"Resources","ID":38938,"Type":"Folder","Childs":[{"Name":"Программы","TranslitedName":"Programs","ID":38939,"Type":"Folder","Childs":[{"Name":"Конкатенация_1","TranslitedName":"Konkatenaciya_1","ID":38952,"Type":"Folder","Childs":[{"Name":"Параметры","TranslitedName":"Parameters","ID":38953,"Type":"Folder","Childs":[{"STType":"BOOL","Access":1,"Name":"EnO","TranslitedName":"EnO","ID":38954,"Type":"Variable","Childs":[]},{"STType":"STRING","Access":1,"Name":"Подпись","TranslitedName":"Podpisj","ID":38955,"Type":"Variable","Childs":[]},{"STType":"STRING","Access":3,"Name":"Единицы","TranslitedName":"Edinici","ID":38956,"Type":"Variable","Childs":[]},{"STType":"LREAL","Access":3,"Name":"Значение","TranslitedName":"Znachenie","ID":38957,"Type":"Variable","Childs":[]}]}]},{"Name":"Состояние","TranslitedName":"Sostoyanie","ID":38940,"Type":"Folder","Childs":[{"Name":"Параметры","TranslitedName":"Parameters","ID":38942,"Type":"Folder","Childs":[{"STType":"BOOL","Access":3,"Name":"АварияДвигатель","TranslitedName":"AvariyaDvigatelj","ID":38944,"Type":"Variable","Childs":[]},{"STType":"BOOL","Access":3,"Name":"АварияНетВращения","TranslitedName":"AvariyaNetVrascheniya","ID":38945,"Type":"Variable","Childs":[]},{"STType":"BOOL","Access":3,"Name":"ИнвертерАвария","TranslitedName":"InverterAvariya","ID":38946,"Type":"Variable","Childs":[]},{"STType":"BOOL","Access":3,"Name":"ИнвертерНаличие","TranslitedName":"InverterNalichie","ID":38949,"Type":"Variable","Childs":[]},{"STType":"BOOL","Access":1,"Name":"EnO","TranslitedName":"EnO","ID":38943,"Type":"Variable","Childs":[]},{"STType":"STRING","Access":1,"Name":"Состояние","TranslitedName":"Sostoyanie","ID":38947,"Type":"Variable","Childs":[]},{"STType":"BOOL","Access":1,"Name":"Help","TranslitedName":"Help","ID":38948,"Type":"Variable","Childs":[]}]}]}]}]}]},{"Name":"Вентилятор притока 1","TranslitedName":"Ventilyator_pritoka_1","ID":39213,"Type":"Object","Childs":[{"STType":"BOOL","Access":3,"Name":"АварияДвигатель","TranslitedName":"AvariyaDvigatelj","ID":39473,"Type":"Variable","Childs":[]},{"STType":"BOOL","Access":3,"Name":"АварияНетВращения","TranslitedName":"AvariyaNetVrascheniya","ID":39474,"Type":"Variable","Childs":[]},{"STType":"BOOL","Access":3,"Name":"ИнвертерНаличие","TranslitedName":"InverterNalichie","ID":39475,"Type":"Variable","Childs":[]},{"STType":"BOOL","Access":3,"Name":"ИнвертерАвария","TranslitedName":"InverterAvariya","ID":39476,"Type":"Variable","Childs":[]},{"STType":"BOOL","Access":3,"Name":"Видимость","TranslitedName":"Vidimostj","ID":39477,"Type":"Variable","Childs":[]},{"STType":"BOOL","Access":3,"Name":"Раскрутка","TranslitedName":"Raskrutka","ID":39478,"Type":"Variable","Childs":[]},{"STType":"BOOL","Access":3,"Name":"Торможение","TranslitedName":"Tormozhenie","ID":39479,"Type":"Variable","Childs":[]},{"STType":"BOOL","Access":3,"Name":"Запущен","TranslitedName":"Zapuschen","ID":39480,"Type":"Variable","Childs":[]},{"STType":"BOOL","Access":3,"Name":"ИндикаторНаличие","TranslitedName":"IndikatorNalichie","ID":39481,"Type":"Variable","Childs":[]},{"STType":"BOOL","Access":3,"Name":"Ограничение","TranslitedName":"Ogranichenie","ID":39482,"Type":"Variable","Childs":[]},{"STType":"REAL","Access":3,"Name":"ИндикаторСтолбик","TranslitedName":"IndikatorStolbik","ID":39483,"Type":"Variable","Childs":[]},{"STType":"STRING","Access":3,"Name":"ИндикаторПодпись","TranslitedName":"IndikatorPodpisj","ID":39484,"Type":"Variable","Childs":[]},{"Name":"Ресурсы","TranslitedName":"Resources","ID":39214,"Type":"Folder","Childs":[{"Name":"Программы","TranslitedName":"Programs","ID":39215,"Type":"Folder","Childs":[{"Name":"Конкатенация_1","TranslitedName":"Konkatenaciya_1","ID":39228,"Type":"Folder","Childs":[{"Name":"Параметры","TranslitedName":"Parameters","ID":39229,"Type":"Folder","Childs":[{"STType":"BOOL","Access":1,"Name":"EnO","TranslitedName":"EnO","ID":39230,"Type":"Variable","Childs":[]},{"STType":"STRING","Access":1,"Name":"Подпись","TranslitedName":"Podpisj","ID":39231,"Type":"Variable","Childs":[]},{"STType":"STRING","Access":3,"Name":"Единицы","TranslitedName":"Edinici","ID":39232,"Type":"Variable","Childs":[]},{"STType":"LREAL","Access":3,"Name":"Значение","TranslitedName":"Znachenie","ID":39233,"Type":"Variable","Childs":[]}]}]},{"Name":"Состояние","TranslitedName":"Sostoyanie","ID":39216,"Type":"Folder","Childs":[{"Name":"Параметры","TranslitedName":"Parameters","ID":39218,"Type":"Folder","Childs":[{"STType":"BOOL","Access":3,"Name":"АварияДвигатель","TranslitedName":"AvariyaDvigatelj","ID":39220,"Type":"Variable","Childs":[]},{"STType":"BOOL","Access":3,"Name":"АварияНетВращения","TranslitedName":"AvariyaNetVrascheniya","ID":39221,"Type":"Variable","Childs":[]},{"STType":"BOOL","Access":3,"Name":"ИнвертерАвария","TranslitedName":"InverterAvariya","ID":39222,"Type":"Variable","Childs":[]},{"STType":"BOOL","Access":3,"Name":"ИнвертерНаличие","TranslitedName":"InverterNalichie","ID":39225,"Type":"Variable","Childs":[]},{"STType":"BOOL","Access":1,"Name":"EnO","TranslitedName":"EnO","ID":39219,"Type":"Variable","Childs":[]},{"STType":"STRING","Access":1,"Name":"Состояние","TranslitedName":"Sostoyanie","ID":39223,"Type":"Variable","Childs":[]},{"STType":"BOOL","Access":1,"Name":"Help","TranslitedName":"Help","ID":39224,"Type":"Variable","Childs":[]}]}]}]}]}]},{"Name":"Схема вентиляции 1","TranslitedName":"Shema_ventilyacii_1","ID":60463,"Type":"Object","Childs":[]}]},{"Name":"Система","TranslitedName":"SystemRoot","ID":3,"Type":"Folder","Childs":[{"Name":"АРМ 1","TranslitedName":"ARM_1","ID":21002,"Type":"Controller","Childs":[{"Name":"Reports","TranslitedName":"Reports","Type":"Folder","Childs":[]},{"Name":"Архивы","TranslitedName":"Archives","ID":21008,"Type":"Folder","Childs":[{"Name":"Основной архив данных","TranslitedName":"MainArchive","ID":21009,"Type":"Folder","Childs":[]},{"Name":"Основной архив сообщений","TranslitedName":"MainEventsArchive","ID":185974,"Type":"Folder","Childs":[]}]}]}]},{"Name":"Безопасность","TranslitedName":"SecurityRoot","ID":183799,"Type":"Object","TaskIdx":-1,"Childs":[]}],"types":[{"TypeSize":8,"TypeHash":1,"Name":"LREAL","TranslitedName":"LREAL","DisplayShort":"LREAL","FullTypeName":"LREAL","TypeKind":"ElementaryType"},{"TypeSize":16,"TypeHash":3,"Name":"BOOL","TranslitedName":"BOOL","DisplayShort":"BOOL","FullTypeName":"BOOL","TypeKind":"ElementaryType"},{"Length":-1,"TypeHash":4,"FullTypeName":"STRING","Name":"STRING","TranslitedName":"STRING","DisplayShort":"STRING","TypeKind":"StringType"},{"TypeSize":4,"TypeHash":1,"Name":"REAL","TranslitedName":"REAL","DisplayShort":"REAL","FullTypeName":"REAL","TypeKind":"ElementaryType"},{"Length":15,"TypeHash":4,"FullTypeName":"STRING[15]","Name":"HMI.SolidColorType","TranslitedName":"HMI_SolidColorType","DisplayShort":"HMI.SolidColorType","TypeKind":"StringType"},{"TypeSize":8,"TypeHash":7,"Name":"TIME","TranslitedName":"TIME","DisplayShort":"TIME","FullTypeName":"TIME","TypeKind":"ElementaryType"},{"TypeSize":1,"TypeHash":6,"Name":"SINT","TranslitedName":"SINT","DisplayShort":"SINT","FullTypeName":"SINT","TypeKind":"ElementaryType"},{"TypeSize":2,"TypeHash":6,"Name":"INT","TranslitedName":"INT","DisplayShort":"INT","FullTypeName":"INT","TypeKind":"ElementaryType"}],"alarmTypes":{"AlarmCondition":{"Name":"AlarmCondition","ID":968},"LimitAlarm":{"Name":"LimitAlarm","ID":185906},"RateOfChangeAlarm":{"Name":"RateOfChangeAlarm","ID":185925},"BaseAlarm":{"Name":"BaseAlarm","ID":185883},"AuditEvent":{"Name":"AuditEvent","ID":196654},"SystemEvent":{"Name":"SystemEvent","ID":196658},"SystemAuditEvent":{"Name":"SystemAuditEvent","ID":196662}}}
