{"projectTree":[{"Name":"Объекты","TranslitedName":"ObjectRoot","ID":4,"Type":"Folder","Childs":[{"Name":"Объект 1","TranslitedName":"Objekt_1","ID":21267,"Type":"Object","Childs":[{"Name":"В помещении 1","TranslitedName":"V_pomeschenii_1","ID":41238,"Type":"Object","Childs":[]},{"Name":"Влажность 1","TranslitedName":"Vlazhnostj_1","ID":45064,"Type":"Object","Childs":[]},{"Name":"В канале 1","TranslitedName":"V_kanale_1","ID":48668,"Type":"Object","Childs":[]},{"Name":"Обратная вода 1","TranslitedName":"Obratnaya_voda_1","ID":50493,"Type":"Object","Childs":[]},{"Name":"Обратная вода 2","TranslitedName":"Obratnaya_voda_2","ID":53717,"Type":"Object","Childs":[]},{"Name":"Уличный воздух 1","TranslitedName":"Ulichnij_vozduh_1","ID":55540,"Type":"Object","Childs":[]},{"Name":"Вытяжной воздух 1","TranslitedName":"Vityazhnoj_vozduh_1","ID":56063,"Type":"Object","Childs":[]}]},{"Name":"Фильтр притока 1","TranslitedName":"Filjtr_pritoka_1","ID":36119,"Type":"Object","Childs":[]},{"Name":"Жалюзи притока 1","TranslitedName":"Zhalyuzi_pritoka_1","ID":36325,"Type":"Object","Childs":[]},{"Name":"Жалюзи вытяжки 1","TranslitedName":"Zhalyuzi_vityazhki_1","ID":36547,"Type":"Object","Childs":[]},{"Name":"Фильтр вытяжки 1","TranslitedName":"Filjtr_vityazhki_1","ID":36775,"Type":"Object","Childs":[]},{"Name":"Пластинчатый рекуператор 1","TranslitedName":"Plastinchatij_rekuperator_1","ID":37161,"Type":"Object","Childs":[]},{"Name":"Водяной калорифер 1","TranslitedName":"Vodyanoj_kalorifer_1","ID":37439,"Type":"Object","Childs":[]},{"Name":"Водяной охладитель 1","TranslitedName":"Vodyanoj_ohladitelj_1","ID":37885,"Type":"Object","Childs":[]},{"Name":"Электрокалорифер 1","TranslitedName":"Elektrokalorifer_1","ID":38299,"Type":"Object","Childs":[]},{"Name":"Пароувлажнитель 1","TranslitedName":"Parouvlazhnitelj_1","ID":38657,"Type":"Object","Childs":[]},{"Name":"Вентилятор вытяжки 1","TranslitedName":"Ventilyator_vityazhki_1","ID":38937,"Type":"Object","Childs":[]},{"Name":"Вентилятор притока 1","TranslitedName":"Ventilyator_pritoka_1","ID":39213,"Type":"Object","Childs":[]},{"Name":"Схема вентиляции 1","TranslitedName":"Shema_ventilyacii_1","ID":60463,"Type":"Object","Childs":[]}]},{"Name":"Система","TranslitedName":"SystemRoot","ID":3,"Type":"Folder","Childs":[{"Name":"АРМ 1","TranslitedName":"ARM_1","ID":21002,"Type":"Controller","Childs":[{"Name":"Архивы","TranslitedName":"Archives","ID":21008,"Type":"Folder","Childs":[{"Name":"Основной архив данных","TranslitedName":"MainArchive","ID":21009,"Type":"Folder","Childs":[]},{"Name":"Основной архив сообщений","TranslitedName":"MainEventsArchive","ID":185974,"Type":"Folder","Childs":[]}]}]}]},{"Name":"Безопасность","TranslitedName":"SecurityRoot","ID":183799,"Type":"Object","TaskIdx":-1,"Childs":[]}]}
